code,iso,country,1995,1996,1997,1998,1999,2000,2001,2002,2003,2004,2005,2006,2007,2008,2009,2010,2011,2012,2013,2014,2015,2016,2017,2018,2019,2020
4,AFG,Afghanistan,0,0.004903455,0.003142747,0.00813455,0.004634173,0.003174689,0.004354765,0.005736292,0.006774669,0.004574711,0.006036537,0.005552924,0.005077338,0.004687134,0.004691185,0.006346094,0.004486029,0.005639913,0.006800995,0.005368755,0.005365157,0.008478592,0.005810934,0.004818566,0.007193188,0.006267308
8,ALB,Albania,0,0.004903455,0.003142747,0.00813455,0.004634173,0.003174689,0.004354765,0.005736292,0.006774669,0.004574711,0.006036537,0.005552924,0.005077338,0.004687134,0.004691185,0.006346094,0.004486029,0.005639913,0.006800995,0.005368755,0.005365157,0.008478592,0.005810934,0.004818566,0.007193188,0.006267308
12,DZA,Algeria,0,0.004903455,0.003142747,0.00813455,0.004634173,0.003174689,0.004354765,0.005736292,0.006774669,0.004574711,0.006036537,0.005552924,0.005077338,0.004687134,0.004691185,0.006346094,0.004486029,0.005639913,0.006800995,0.005368755,0.005365157,0.008478592,0.005810934,0.004818566,0.007193188,0.006267308
20,AND,Andorra,0,0.004903455,0.003142747,0.00813455,0.004634173,0.003174689,0.004354765,0.005736292,0.006774669,0.004574711,0.006036537,0.005552924,0.005077338,0.004687134,0.004691185,0.006346094,0.004486029,0.005639913,0.006800995,0.005368755,0.005365157,0.008478592,0.005810934,0.004818566,0.007193188,0.006267308
24,AGO,Angola,0,0.004903455,0.003142747,0.00813455,0.004634173,0.003174689,0.004354765,0.005736292,0.006774669,0.004574711,0.006036537,0.005552924,0.005077338,0.004687134,0.004691185,0.006346094,0.004486029,0.005639913,0.006800995,0.005368755,0.005365157,0.008478592,0.005810934,0.004818566,0.007193188,0.006267308
660,AIA,Anguilla,0,0.004903455,0.003142747,0.00813455,0.004634173,0.003174689,0.004354765,0.005736292,0.006774669,0.004574711,0.006036537,0.005552924,0.005077338,0.004687134,0.004691185,0.006346094,0.004486029,0.005639913,0.006800995,0.005368755,0.005365157,0.008478592,0.005810934,0.004818566,0.007193188,0.006267308
28,ATG,Antigua and Barbuda,0,0.004903455,0.003142747,0.00813455,0.004634173,0.003174689,0.004354765,0.005736292,0.006774669,0.004574711,0.006036537,0.005552924,0.005077338,0.004687134,0.004691185,0.006346094,0.004486029,0.005639913,0.006800995,0.005368755,0.005365157,0.008478592,0.005810934,0.004818566,0.007193188,0.006267308
32,ARG,Argentina,0,0.004903455,0.003142747,0.00813455,0.004634173,0.003174689,0.004354765,0.005736292,0.006774669,0.004574711,0.006036537,0.005552924,0.005077338,0.004687134,0.004691185,0.006346094,0.004486029,0.005639913,0.006800995,0.005368755,0.005365157,0.008478592,0.005810934,0.004818566,0.007193188,0.006267308
51,ARM,Armenia,0,0.004903455,0.003142747,0.00813455,0.004634173,0.003174689,0.004354765,0.005736292,0.006774669,0.004574711,0.006036537,0.005552924,0.005077338,0.004687134,0.004691185,0.006346094,0.004486029,0.005639913,0.006800995,0.005368755,0.005365157,0.008478592,0.005810934,0.004818566,0.007193188,0.006267308
533,ABW,Aruba,0,0.004903455,0.003142747,0.00813455,0.004634173,0.003174689,0.004354765,0.005736292,0.006774669,0.004574711,0.006036537,0.005552924,0.005077338,0.004687134,0.004691185,0.006346094,0.004486029,0.005639913,0.006800995,0.005368755,0.005365157,0.008478592,0.005810934,0.004818566,0.007193188,0.006267308
36,AUS,Australia,0,0.004903455,0.003142747,0.00813455,0.004634173,0.003174689,0.004354765,0.005736292,0.006774669,0.004574711,0.006036537,0.005552924,0.005077338,0.004687134,0.004691185,0.006346094,0.004486029,0.005639913,0.006800995,0.005368755,0.005365157,0.008478592,0.005810934,0.004818566,0.007193188,0.006267308
40,AUT,Austria,0,0.004903455,0.003142747,0.00813455,0.004634173,0.003174689,0.004354765,0.005736292,0.006774669,0.004574711,0.006036537,0.005552924,0.005077338,0.004687134,0.004691185,0.006346094,0.004486029,0.005639913,0.006800995,0.005368755,0.005365157,0.008478592,0.005810934,0.004818566,0.007193188,0.006267308
31,AZE,Azerbaijan,0,0.004903455,0.003142747,0.00813455,0.004634173,0.003174689,0.004354765,0.005736292,0.006774669,0.004574711,0.006036537,0.005552924,0.005077338,0.004687134,0.004691185,0.006346094,0.004486029,0.005639913,0.006800995,0.005368755,0.005365157,0.008478592,0.005810934,0.004818566,0.007193188,0.006267308
44,BHS,Bahamas,0,0.004903455,0.003142747,0.00813455,0.004634173,0.003174689,0.004354765,0.005736292,0.006774669,0.004574711,0.006036537,0.005552924,0.005077338,0.004687134,0.004691185,0.006346094,0.004486029,0.005639913,0.006800995,0.005368755,0.005365157,0.008478592,0.005810934,0.004818566,0.007193188,0.006267308
48,BHR,Bahrain,0,0.004903455,0.003142747,0.00813455,0.004634173,0.003174689,0.004354765,0.005736292,0.006774669,0.004574711,0.006036537,0.005552924,0.005077338,0.004687134,0.004691185,0.006346094,0.004486029,0.005639913,0.006800995,0.005368755,0.005365157,0.008478592,0.005810934,0.004818566,0.007193188,0.006267308
50,BGD,Bangladesh,0,0.004903455,0.003142747,0.00813455,0.004634173,0.003174689,0.004354765,0.005736292,0.006774669,0.004574711,0.006036537,0.005552924,0.005077338,0.004687134,0.004691185,0.006346094,0.004486029,0.005639913,0.006800995,0.005368755,0.005365157,0.008478592,0.005810934,0.004818566,0.007193188,0.006267308
52,BRB,Barbados,0,0.004903455,0.003142747,0.00813455,0.004634173,0.003174689,0.004354765,0.005736292,0.006774669,0.004574711,0.006036537,0.005552924,0.005077338,0.004687134,0.004691185,0.006346094,0.004486029,0.005639913,0.006800995,0.005368755,0.005365157,0.008478592,0.005810934,0.004818566,0.007193188,0.006267308
112,BLR,Belarus,0,0.004903455,0.003142747,0.00813455,0.004634173,0.003174689,0.004354765,0.005736292,0.006774669,0.004574711,0.006036537,0.005552924,0.005077338,0.004687134,0.004691185,0.006346094,0.004486029,0.005639913,0.006800995,0.005368755,0.005365157,0.008478592,0.005810934,0.004818566,0.007193188,0.006267308
56,BEL,Belgium,0,0.004903455,0.003142747,0.00813455,0.004634173,0.003174689,0.004354765,0.005736292,0.006774669,0.004574711,0.006036537,0.005552924,0.005077338,0.004687134,0.004691185,0.006346094,0.004486029,0.005639913,0.006800995,0.005368755,0.005365157,0.008478592,0.005810934,0.004818566,0.007193188,0.006267308
84,BLZ,Belize,0,0.004903455,0.003142747,0.00813455,0.004634173,0.003174689,0.004354765,0.005736292,0.006774669,0.004574711,0.006036537,0.005552924,0.005077338,0.004687134,0.004691185,0.006346094,0.004486029,0.005639913,0.006800995,0.005368755,0.005365157,0.008478592,0.005810934,0.004818566,0.007193188,0.006267308
204,BEN,Benin,0,0.004903455,0.003142747,0.00813455,0.004634173,0.003174689,0.004354765,0.005736292,0.006774669,0.004574711,0.006036537,0.005552924,0.005077338,0.004687134,0.004691185,0.006346094,0.004486029,0.005639913,0.006800995,0.005368755,0.005365157,0.008478592,0.005810934,0.004818566,0.007193188,0.006267308
60,BMU,Bermuda,0,0.004903455,0.003142747,0.00813455,0.004634173,0.003174689,0.004354765,0.005736292,0.006774669,0.004574711,0.006036537,0.005552924,0.005077338,0.004687134,0.004691185,0.006346094,0.004486029,0.005639913,0.006800995,0.005368755,0.005365157,0.008478592,0.005810934,0.004818566,0.007193188,0.006267308
64,BTN,Bhutan,0,0.004903455,0.003142747,0.00813455,0.004634173,0.003174689,0.004354765,0.005736292,0.006774669,0.004574711,0.006036537,0.005552924,0.005077338,0.004687134,0.004691185,0.006346094,0.004486029,0.005639913,0.006800995,0.005368755,0.005365157,0.008478592,0.005810934,0.004818566,0.007193188,0.006267308
68,BOL,Bolivia,0,0.004903455,0.003142747,0.00813455,0.004634173,0.003174689,0.004354765,0.005736292,0.006774669,0.004574711,0.006036537,0.005552924,0.005077338,0.004687134,0.004691185,0.006346094,0.004486029,0.005639913,0.006800995,0.005368755,0.005365157,0.008478592,0.005810934,0.004818566,0.007193188,0.006267308
70,BIH,Bosnia and Herzegovina,0,0.004903455,0.003142747,0.00813455,0.004634173,0.003174689,0.004354765,0.005736292,0.006774669,0.004574711,0.006036537,0.005552924,0.005077338,0.004687134,0.004691185,0.006346094,0.004486029,0.005639913,0.006800995,0.005368755,0.005365157,0.008478592,0.005810934,0.004818566,0.007193188,0.006267308
72,BWA,Botswana,0,0.004903455,0.003142747,0.00813455,0.004634173,0.003174689,0.004354765,0.005736292,0.006774669,0.004574711,0.006036537,0.005552924,0.005077338,0.004687134,0.004691185,0.006346094,0.004486029,0.005639913,0.006800995,0.005368755,0.005365157,0.008478592,0.005810934,0.004818566,0.007193188,0.006267308
76,BRA,Brazil,0,0.004903455,0.003142747,0.00813455,0.004634173,0.003174689,0.004354765,0.005736292,0.006774669,0.004574711,0.006036537,0.005552924,0.005077338,0.004687134,0.004691185,0.006346094,0.004486029,0.005639913,0.006800995,0.005368755,0.005365157,0.008478592,0.005810934,0.004818566,0.007193188,0.006267308
92,VGB,British Virgin Islands,0,0.004903455,0.003142747,0.00813455,0.004634173,0.003174689,0.004354765,0.005736292,0.006774669,0.004574711,0.006036537,0.005552924,0.005077338,0.004687134,0.004691185,0.006346094,0.004486029,0.005639913,0.006800995,0.005368755,0.005365157,0.008478592,0.005810934,0.004818566,0.007193188,0.006267308
96,BRN,Brunei Darussalam,0,0.004903455,0.003142747,0.00813455,0.004634173,0.003174689,0.004354765,0.005736292,0.006774669,0.004574711,0.006036537,0.005552924,0.005077338,0.004687134,0.004691185,0.006346094,0.004486029,0.005639913,0.006800995,0.005368755,0.005365157,0.008478592,0.005810934,0.004818566,0.007193188,0.006267308
100,BGR,Bulgaria,0,0.004903455,0.003142747,0.00813455,0.004634173,0.003174689,0.004354765,0.005736292,0.006774669,0.004574711,0.006036537,0.005552924,0.005077338,0.004687134,0.004691185,0.006346094,0.004486029,0.005639913,0.006800995,0.005368755,0.005365157,0.008478592,0.005810934,0.004818566,0.007193188,0.006267308
854,BFA,Burkina Faso,0,0.004903455,0.003142747,0.00813455,0.004634173,0.003174689,0.004354765,0.005736292,0.006774669,0.004574711,0.006036537,0.005552924,0.005077338,0.004687134,0.004691185,0.006346094,0.004486029,0.005639913,0.006800995,0.005368755,0.005365157,0.008478592,0.005810934,0.004818566,0.007193188,0.006267308
108,BDI,Burundi,0,0.004903455,0.003142747,0.00813455,0.004634173,0.003174689,0.004354765,0.005736292,0.006774669,0.004574711,0.006036537,0.005552924,0.005077338,0.004687134,0.004691185,0.006346094,0.004486029,0.005639913,0.006800995,0.005368755,0.005365157,0.008478592,0.005810934,0.004818566,0.007193188,0.006267308
132,CPV,Cabo Verde,0,0.004903455,0.003142747,0.00813455,0.004634173,0.003174689,0.004354765,0.005736292,0.006774669,0.004574711,0.006036537,0.005552924,0.005077338,0.004687134,0.004691185,0.006346094,0.004486029,0.005639913,0.006800995,0.005368755,0.005365157,0.008478592,0.005810934,0.004818566,0.007193188,0.006267308
116,KHM,Cambodia,0,0.004903455,0.003142747,0.00813455,0.004634173,0.003174689,0.004354765,0.005736292,0.006774669,0.004574711,0.006036537,0.005552924,0.005077338,0.004687134,0.004691185,0.006346094,0.004486029,0.005639913,0.006800995,0.005368755,0.005365157,0.008478592,0.005810934,0.004818566,0.007193188,0.006267308
120,CMR,Cameroon,0,0.004903455,0.003142747,0.00813455,0.004634173,0.003174689,0.004354765,0.005736292,0.006774669,0.004574711,0.006036537,0.005552924,0.005077338,0.004687134,0.004691185,0.006346094,0.004486029,0.005639913,0.006800995,0.005368755,0.005365157,0.008478592,0.005810934,0.004818566,0.007193188,0.006267308
124,CAN,Canada,0,0.004903455,0.003142747,0.00813455,0.004634173,0.003174689,0.004354765,0.005736292,0.006774669,0.004574711,0.006036537,0.005552924,0.005077338,0.004687134,0.004691185,0.006346094,0.004486029,0.005639913,0.006800995,0.005368755,0.005365157,0.008478592,0.005810934,0.004818566,0.007193188,0.006267308
136,CYM,Cayman Islands,0,0.004903455,0.003142747,0.00813455,0.004634173,0.003174689,0.004354765,0.005736292,0.006774669,0.004574711,0.006036537,0.005552924,0.005077338,0.004687134,0.004691185,0.006346094,0.004486029,0.005639913,0.006800995,0.005368755,0.005365157,0.008478592,0.005810934,0.004818566,0.007193188,0.006267308
140,CAF,Central African Republic,0,0.004903455,0.003142747,0.00813455,0.004634173,0.003174689,0.004354765,0.005736292,0.006774669,0.004574711,0.006036537,0.005552924,0.005077338,0.004687134,0.004691185,0.006346094,0.004486029,0.005639913,0.006800995,0.005368755,0.005365157,0.008478592,0.005810934,0.004818566,0.007193188,0.006267308
148,TCD,Chad,0,0.004903455,0.003142747,0.00813455,0.004634173,0.003174689,0.004354765,0.005736292,0.006774669,0.004574711,0.006036537,0.005552924,0.005077338,0.004687134,0.004691185,0.006346094,0.004486029,0.005639913,0.006800995,0.005368755,0.005365157,0.008478592,0.005810934,0.004818566,0.007193188,0.006267308
152,CHL,Chile,0,0.004903455,0.003142747,0.00813455,0.004634173,0.003174689,0.004354765,0.005736292,0.006774669,0.004574711,0.006036537,0.005552924,0.005077338,0.004687134,0.004691185,0.006346094,0.004486029,0.005639913,0.006800995,0.005368755,0.005365157,0.008478592,0.005810934,0.004818566,0.007193188,0.006267308
156,CHN,China,0,0.004903455,0.003142747,0.00813455,0.004634173,0.003174689,0.004354765,0.005736292,0.006774669,0.004574711,0.006036537,0.005552924,0.005077338,0.004687134,0.004691185,0.006346094,0.004486029,0.005639913,0.006800995,0.005368755,0.005365157,0.008478592,0.005810934,0.004818566,0.007193188,0.006267308
170,COL,Colombia,0,0.004903455,0.003142747,0.00813455,0.004634173,0.003174689,0.004354765,0.005736292,0.006774669,0.004574711,0.006036537,0.005552924,0.005077338,0.004687134,0.004691185,0.006346094,0.004486029,0.005639913,0.006800995,0.005368755,0.005365157,0.008478592,0.005810934,0.004818566,0.007193188,0.006267308
174,COM,Comoros,0,0.004903455,0.003142747,0.00813455,0.004634173,0.003174689,0.004354765,0.005736292,0.006774669,0.004574711,0.006036537,0.005552924,0.005077338,0.004687134,0.004691185,0.006346094,0.004486029,0.005639913,0.006800995,0.005368755,0.005365157,0.008478592,0.005810934,0.004818566,0.007193188,0.006267308
184,COK,Cook Islands,0,0.004903455,0.003142747,0.00813455,0.004634173,0.003174689,0.004354765,0.005736292,0.006774669,0.004574711,0.006036537,0.005552924,0.005077338,0.004687134,0.004691185,0.006346094,0.004486029,0.005639913,0.006800995,0.005368755,0.005365157,0.008478592,0.005810934,0.004818566,0.007193188,0.006267308
188,CRI,Costa Rica,0,0.004903455,0.003142747,0.00813455,0.004634173,0.003174689,0.004354765,0.005736292,0.006774669,0.004574711,0.006036537,0.005552924,0.005077338,0.004687134,0.004691185,0.006346094,0.004486029,0.005639913,0.006800995,0.005368755,0.005365157,0.008478592,0.005810934,0.004818566,0.007193188,0.006267308
384,CIV,Cote d'Ivoire,0,0.004903455,0.003142747,0.00813455,0.004634173,0.003174689,0.004354765,0.005736292,0.006774669,0.004574711,0.006036537,0.005552924,0.005077338,0.004687134,0.004691185,0.006346094,0.004486029,0.005639913,0.006800995,0.005368755,0.005365157,0.008478592,0.005810934,0.004818566,0.007193188,0.006267308
191,HRV,Croatia,0,0.004903455,0.003142747,0.00813455,0.004634173,0.003174689,0.004354765,0.005736292,0.006774669,0.004574711,0.006036537,0.005552924,0.005077338,0.004687134,0.004691185,0.006346094,0.004486029,0.005639913,0.006800995,0.005368755,0.005365157,0.008478592,0.005810934,0.004818566,0.007193188,0.006267308
192,CUB,Cuba,0,0.004903455,0.003142747,0.00813455,0.004634173,0.003174689,0.004354765,0.005736292,0.006774669,0.004574711,0.006036537,0.005552924,0.005077338,0.004687134,0.004691185,0.006346094,0.004486029,0.005639913,0.006800995,0.005368755,0.005365157,0.008478592,0.005810934,0.004818566,0.007193188,0.006267308
531,CUW,Curacao,0,0.004903455,0.003142747,0.00813455,0.004634173,0.003174689,0.004354765,0.005736292,0.006774669,0.004574711,0.006036537,0.005552924,0.005077338,0.004687134,0.004691185,0.006346094,0.004486029,0.005639913,0.006800995,0.005368755,0.005365157,0.008478592,0.005810934,0.004818566,0.007193188,0.006267308
196,CYP,Cyprus,0,0.004903455,0.003142747,0.00813455,0.004634173,0.003174689,0.004354765,0.005736292,0.006774669,0.004574711,0.006036537,0.005552924,0.005077338,0.004687134,0.004691185,0.006346094,0.004486029,0.005639913,0.006800995,0.005368755,0.005365157,0.008478592,0.005810934,0.004818566,0.007193188,0.006267308
203,CZE,Czech Republic,0,0.004903455,0.003142747,0.00813455,0.004634173,0.003174689,0.004354765,0.005736292,0.006774669,0.004574711,0.006036537,0.005552924,0.005077338,0.004687134,0.004691185,0.006346094,0.004486029,0.005639913,0.006800995,0.005368755,0.005365157,0.008478592,0.005810934,0.004818566,0.007193188,0.006267308
180,COD,Dem. Rep. Congo,0,0.004903455,0.003142747,0.00813455,0.004634173,0.003174689,0.004354765,0.005736292,0.006774669,0.004574711,0.006036537,0.005552924,0.005077338,0.004687134,0.004691185,0.006346094,0.004486029,0.005639913,0.006800995,0.005368755,0.005365157,0.008478592,0.005810934,0.004818566,0.007193188,0.006267308
208,DNK,Denmark,0,0.004903455,0.003142747,0.00813455,0.004634173,0.003174689,0.004354765,0.005736292,0.006774669,0.004574711,0.006036537,0.005552924,0.005077338,0.004687134,0.004691185,0.006346094,0.004486029,0.005639913,0.006800995,0.005368755,0.005365157,0.008478592,0.005810934,0.004818566,0.007193188,0.006267308
262,DJI,Djibouti,0,0.004903455,0.003142747,0.00813455,0.004634173,0.003174689,0.004354765,0.005736292,0.006774669,0.004574711,0.006036537,0.005552924,0.005077338,0.004687134,0.004691185,0.006346094,0.004486029,0.005639913,0.006800995,0.005368755,0.005365157,0.008478592,0.005810934,0.004818566,0.007193188,0.006267308
212,DMA,Dominica,0,0.004903455,0.003142747,0.00813455,0.004634173,0.003174689,0.004354765,0.005736292,0.006774669,0.004574711,0.006036537,0.005552924,0.005077338,0.004687134,0.004691185,0.006346094,0.004486029,0.005639913,0.006800995,0.005368755,0.005365157,0.008478592,0.005810934,0.004818566,0.007193188,0.006267308
214,DOM,Dominican Republic,0,0.004903455,0.003142747,0.00813455,0.004634173,0.003174689,0.004354765,0.005736292,0.006774669,0.004574711,0.006036537,0.005552924,0.005077338,0.004687134,0.004691185,0.006346094,0.004486029,0.005639913,0.006800995,0.005368755,0.005365157,0.008478592,0.005810934,0.004818566,0.007193188,0.006267308
218,ECU,Ecuador,0,0.004903455,0.003142747,0.00813455,0.004634173,0.003174689,0.004354765,0.005736292,0.006774669,0.004574711,0.006036537,0.005552924,0.005077338,0.004687134,0.004691185,0.006346094,0.004486029,0.005639913,0.006800995,0.005368755,0.005365157,0.008478592,0.005810934,0.004818566,0.007193188,0.006267308
818,EGY,Egypt,0,0.004903455,0.003142747,0.00813455,0.004634173,0.003174689,0.004354765,0.005736292,0.006774669,0.004574711,0.006036537,0.005552924,0.005077338,0.004687134,0.004691185,0.006346094,0.004486029,0.005639913,0.006800995,0.005368755,0.005365157,0.008478592,0.005810934,0.004818566,0.007193188,0.006267308
222,SLV,El Salvador,0,0.004903455,0.003142747,0.00813455,0.004634173,0.003174689,0.004354765,0.005736292,0.006774669,0.004574711,0.006036537,0.005552924,0.005077338,0.004687134,0.004691185,0.006346094,0.004486029,0.005639913,0.006800995,0.005368755,0.005365157,0.008478592,0.005810934,0.004818566,0.007193188,0.006267308
226,GNQ,Equatorial Guinea,0,0.004903455,0.003142747,0.00813455,0.004634173,0.003174689,0.004354765,0.005736292,0.006774669,0.004574711,0.006036537,0.005552924,0.005077338,0.004687134,0.004691185,0.006346094,0.004486029,0.005639913,0.006800995,0.005368755,0.005365157,0.008478592,0.005810934,0.004818566,0.007193188,0.006267308
232,ERI,Eritrea,0,0.004903455,0.003142747,0.00813455,0.004634173,0.003174689,0.004354765,0.005736292,0.006774669,0.004574711,0.006036537,0.005552924,0.005077338,0.004687134,0.004691185,0.006346094,0.004486029,0.005639913,0.006800995,0.005368755,0.005365157,0.008478592,0.005810934,0.004818566,0.007193188,0.006267308
233,EST,Estonia,0,0.004903455,0.003142747,0.00813455,0.004634173,0.003174689,0.004354765,0.005736292,0.006774669,0.004574711,0.006036537,0.005552924,0.005077338,0.004687134,0.004691185,0.006346094,0.004486029,0.005639913,0.006800995,0.005368755,0.005365157,0.008478592,0.005810934,0.004818566,0.007193188,0.006267308
748,SWZ,Eswatini,0,0.004903455,0.003142747,0.00813455,0.004634173,0.003174689,0.004354765,0.005736292,0.006774669,0.004574711,0.006036537,0.005552924,0.005077338,0.004687134,0.004691185,0.006346094,0.004486029,0.005639913,0.006800995,0.005368755,0.005365157,0.008478592,0.005810934,0.004818566,0.007193188,0.006267308
231,ETH,Ethiopia,0,0.004903455,0.003142747,0.00813455,0.004634173,0.003174689,0.004354765,0.005736292,0.006774669,0.004574711,0.006036537,0.005552924,0.005077338,0.004687134,0.004691185,0.006346094,0.004486029,0.005639913,0.006800995,0.005368755,0.005365157,0.008478592,0.005810934,0.004818566,0.007193188,0.006267308
234,FRO,Faeroe Islands,0,0.004903455,0.003142747,0.00813455,0.004634173,0.003174689,0.004354765,0.005736292,0.006774669,0.004574711,0.006036537,0.005552924,0.005077338,0.004687134,0.004691185,0.006346094,0.004486029,0.005639913,0.006800995,0.005368755,0.005365157,0.008478592,0.005810934,0.004818566,0.007193188,0.006267308
238,FLK,Falkland Islands,0,0.004903455,0.003142747,0.00813455,0.004634173,0.003174689,0.004354765,0.005736292,0.006774669,0.004574711,0.006036537,0.005552924,0.005077338,0.004687134,0.004691185,0.006346094,0.004486029,0.005639913,0.006800995,0.005368755,0.005365157,0.008478592,0.005810934,0.004818566,0.007193188,0.006267308
242,FJI,Fiji,0,0.004903455,0.003142747,0.00813455,0.004634173,0.003174689,0.004354765,0.005736292,0.006774669,0.004574711,0.006036537,0.005552924,0.005077338,0.004687134,0.004691185,0.006346094,0.004486029,0.005639913,0.006800995,0.005368755,0.005365157,0.008478592,0.005810934,0.004818566,0.007193188,0.006267308
246,FIN,Finland,0,0.004903455,0.003142747,0.00813455,0.004634173,0.003174689,0.004354765,0.005736292,0.006774669,0.004574711,0.006036537,0.005552924,0.005077338,0.004687134,0.004691185,0.006346094,0.004486029,0.005639913,0.006800995,0.005368755,0.005365157,0.008478592,0.005810934,0.004818566,0.007193188,0.006267308
250,FRA,France,0,0.004903455,0.003142747,0.00813455,0.004634173,0.003174689,0.004354765,0.005736292,0.006774669,0.004574711,0.006036537,0.005552924,0.005077338,0.004687134,0.004691185,0.006346094,0.004486029,0.005639913,0.006800995,0.005368755,0.005365157,0.008478592,0.005810934,0.004818566,0.007193188,0.006267308
258,PYF,French Polynesia,0,0.004903455,0.003142747,0.00813455,0.004634173,0.003174689,0.004354765,0.005736292,0.006774669,0.004574711,0.006036537,0.005552924,0.005077338,0.004687134,0.004691185,0.006346094,0.004486029,0.005639913,0.006800995,0.005368755,0.005365157,0.008478592,0.005810934,0.004818566,0.007193188,0.006267308
266,GAB,Gabon,0,0.004903455,0.003142747,0.00813455,0.004634173,0.003174689,0.004354765,0.005736292,0.006774669,0.004574711,0.006036537,0.005552924,0.005077338,0.004687134,0.004691185,0.006346094,0.004486029,0.005639913,0.006800995,0.005368755,0.005365157,0.008478592,0.005810934,0.004818566,0.007193188,0.006267308
270,GMB,Gambia,0,0.004903455,0.003142747,0.00813455,0.004634173,0.003174689,0.004354765,0.005736292,0.006774669,0.004574711,0.006036537,0.005552924,0.005077338,0.004687134,0.004691185,0.006346094,0.004486029,0.005639913,0.006800995,0.005368755,0.005365157,0.008478592,0.005810934,0.004818566,0.007193188,0.006267308
268,GEO,Georgia,0,0.004903455,0.003142747,0.00813455,0.004634173,0.003174689,0.004354765,0.005736292,0.006774669,0.004574711,0.006036537,0.005552924,0.005077338,0.004687134,0.004691185,0.006346094,0.004486029,0.005639913,0.006800995,0.005368755,0.005365157,0.008478592,0.005810934,0.004818566,0.007193188,0.006267308
276,DEU,Germany,0,0.004903455,0.003142747,0.00813455,0.004634173,0.003174689,0.004354765,0.005736292,0.006774669,0.004574711,0.006036537,0.005552924,0.005077338,0.004687134,0.004691185,0.006346094,0.004486029,0.005639913,0.006800995,0.005368755,0.005365157,0.008478592,0.005810934,0.004818566,0.007193188,0.006267308
288,GHA,Ghana,0,0.004903455,0.003142747,0.00813455,0.004634173,0.003174689,0.004354765,0.005736292,0.006774669,0.004574711,0.006036537,0.005552924,0.005077338,0.004687134,0.004691185,0.006346094,0.004486029,0.005639913,0.006800995,0.005368755,0.005365157,0.008478592,0.005810934,0.004818566,0.007193188,0.006267308
300,GRC,Greece,0,0.004903455,0.003142747,0.00813455,0.004634173,0.003174689,0.004354765,0.005736292,0.006774669,0.004574711,0.006036537,0.005552924,0.005077338,0.004687134,0.004691185,0.006346094,0.004486029,0.005639913,0.006800995,0.005368755,0.005365157,0.008478592,0.005810934,0.004818566,0.007193188,0.006267308
304,GRL,Greenland,0,0.004903455,0.003142747,0.00813455,0.004634173,0.003174689,0.004354765,0.005736292,0.006774669,0.004574711,0.006036537,0.005552924,0.005077338,0.004687134,0.004691185,0.006346094,0.004486029,0.005639913,0.006800995,0.005368755,0.005365157,0.008478592,0.005810934,0.004818566,0.007193188,0.006267308
308,GRD,Grenada,0,0.004903455,0.003142747,0.00813455,0.004634173,0.003174689,0.004354765,0.005736292,0.006774669,0.004574711,0.006036537,0.005552924,0.005077338,0.004687134,0.004691185,0.006346094,0.004486029,0.005639913,0.006800995,0.005368755,0.005365157,0.008478592,0.005810934,0.004818566,0.007193188,0.006267308
320,GTM,Guatemala,0,0.004903455,0.003142747,0.00813455,0.004634173,0.003174689,0.004354765,0.005736292,0.006774669,0.004574711,0.006036537,0.005552924,0.005077338,0.004687134,0.004691185,0.006346094,0.004486029,0.005639913,0.006800995,0.005368755,0.005365157,0.008478592,0.005810934,0.004818566,0.007193188,0.006267308
831,GGY,Guernsey,0,0.004903455,0.003142747,0.00813455,0.004634173,0.003174689,0.004354765,0.005736292,0.006774669,0.004574711,0.006036537,0.005552924,0.005077338,0.004687134,0.004691185,0.006346094,0.004486029,0.005639913,0.006800995,0.005368755,0.005365157,0.008478592,0.005810934,0.004818566,0.007193188,0.006267308
324,GIN,Guinea,0,0.004903455,0.003142747,0.00813455,0.004634173,0.003174689,0.004354765,0.005736292,0.006774669,0.004574711,0.006036537,0.005552924,0.005077338,0.004687134,0.004691185,0.006346094,0.004486029,0.005639913,0.006800995,0.005368755,0.005365157,0.008478592,0.005810934,0.004818566,0.007193188,0.006267308
624,GNB,Guinea-Bissau,0,0.004903455,0.003142747,0.00813455,0.004634173,0.003174689,0.004354765,0.005736292,0.006774669,0.004574711,0.006036537,0.005552924,0.005077338,0.004687134,0.004691185,0.006346094,0.004486029,0.005639913,0.006800995,0.005368755,0.005365157,0.008478592,0.005810934,0.004818566,0.007193188,0.006267308
328,GUY,Guyana,0,0.004903455,0.003142747,0.00813455,0.004634173,0.003174689,0.004354765,0.005736292,0.006774669,0.004574711,0.006036537,0.005552924,0.005077338,0.004687134,0.004691185,0.006346094,0.004486029,0.005639913,0.006800995,0.005368755,0.005365157,0.008478592,0.005810934,0.004818566,0.007193188,0.006267308
332,HTI,Haiti,0,0.004903455,0.003142747,0.00813455,0.004634173,0.003174689,0.004354765,0.005736292,0.006774669,0.004574711,0.006036537,0.005552924,0.005077338,0.004687134,0.004691185,0.006346094,0.004486029,0.005639913,0.006800995,0.005368755,0.005365157,0.008478592,0.005810934,0.004818566,0.007193188,0.006267308
336,VAT,Holy See,0,0.004903455,0.003142747,0.00813455,0.004634173,0.003174689,0.004354765,0.005736292,0.006774669,0.004574711,0.006036537,0.005552924,0.005077338,0.004687134,0.004691185,0.006346094,0.004486029,0.005639913,0.006800995,0.005368755,0.005365157,0.008478592,0.005810934,0.004818566,0.007193188,0.006267308
340,HND,Honduras,0,0.004903455,0.003142747,0.00813455,0.004634173,0.003174689,0.004354765,0.005736292,0.006774669,0.004574711,0.006036537,0.005552924,0.005077338,0.004687134,0.004691185,0.006346094,0.004486029,0.005639913,0.006800995,0.005368755,0.005365157,0.008478592,0.005810934,0.004818566,0.007193188,0.006267308
344,HKG,Hong Kong,0,0.004903455,0.003142747,0.00813455,0.004634173,0.003174689,0.004354765,0.005736292,0.006774669,0.004574711,0.006036537,0.005552924,0.005077338,0.004687134,0.004691185,0.006346094,0.004486029,0.005639913,0.006800995,0.005368755,0.005365157,0.008478592,0.005810934,0.004818566,0.007193188,0.006267308
348,HUN,Hungary,0,0.004903455,0.003142747,0.00813455,0.004634173,0.003174689,0.004354765,0.005736292,0.006774669,0.004574711,0.006036537,0.005552924,0.005077338,0.004687134,0.004691185,0.006346094,0.004486029,0.005639913,0.006800995,0.005368755,0.005365157,0.008478592,0.005810934,0.004818566,0.007193188,0.006267308
352,ISL,Iceland,0,0.004903455,0.003142747,0.00813455,0.004634173,0.003174689,0.004354765,0.005736292,0.006774669,0.004574711,0.006036537,0.005552924,0.005077338,0.004687134,0.004691185,0.006346094,0.004486029,0.005639913,0.006800995,0.005368755,0.005365157,0.008478592,0.005810934,0.004818566,0.007193188,0.006267308
356,IND,India,0,0.004903455,0.003142747,0.00813455,0.004634173,0.003174689,0.004354765,0.005736292,0.006774669,0.004574711,0.006036537,0.005552924,0.005077338,0.004687134,0.004691185,0.006346094,0.004486029,0.005639913,0.006800995,0.005368755,0.005365157,0.008478592,0.005810934,0.004818566,0.007193188,0.006267308
360,IDN,Indonesia,0,0.004903455,0.003142747,0.00813455,0.004634173,0.003174689,0.004354765,0.005736292,0.006774669,0.004574711,0.006036537,0.005552924,0.005077338,0.004687134,0.004691185,0.006346094,0.004486029,0.005639913,0.006800995,0.005368755,0.005365157,0.008478592,0.005810934,0.004818566,0.007193188,0.006267308
364,IRN,Iran,0,0.004903455,0.003142747,0.00813455,0.004634173,0.003174689,0.004354765,0.005736292,0.006774669,0.004574711,0.006036537,0.005552924,0.005077338,0.004687134,0.004691185,0.006346094,0.004486029,0.005639913,0.006800995,0.005368755,0.005365157,0.008478592,0.005810934,0.004818566,0.007193188,0.006267308
368,IRQ,Iraq,0,0.004903455,0.003142747,0.00813455,0.004634173,0.003174689,0.004354765,0.005736292,0.006774669,0.004574711,0.006036537,0.005552924,0.005077338,0.004687134,0.004691185,0.006346094,0.004486029,0.005639913,0.006800995,0.005368755,0.005365157,0.008478592,0.005810934,0.004818566,0.007193188,0.006267308
372,IRL,Ireland,0,0.004903455,0.003142747,0.00813455,0.004634173,0.003174689,0.004354765,0.005736292,0.006774669,0.004574711,0.006036537,0.005552924,0.005077338,0.004687134,0.004691185,0.006346094,0.004486029,0.005639913,0.006800995,0.005368755,0.005365157,0.008478592,0.005810934,0.004818566,0.007193188,0.006267308
833,IMN,Isle of Man,0,0.004903455,0.003142747,0.00813455,0.004634173,0.003174689,0.004354765,0.005736292,0.006774669,0.004574711,0.006036537,0.005552924,0.005077338,0.004687134,0.004691185,0.006346094,0.004486029,0.005639913,0.006800995,0.005368755,0.005365157,0.008478592,0.005810934,0.004818566,0.007193188,0.006267308
376,ISR,Israel,0,0.004903455,0.003142747,0.00813455,0.004634173,0.003174689,0.004354765,0.005736292,0.006774669,0.004574711,0.006036537,0.005552924,0.005077338,0.004687134,0.004691185,0.006346094,0.004486029,0.005639913,0.006800995,0.005368755,0.005365157,0.008478592,0.005810934,0.004818566,0.007193188,0.006267308
380,ITA,Italy,0,0.004903455,0.003142747,0.00813455,0.004634173,0.003174689,0.004354765,0.005736292,0.006774669,0.004574711,0.006036537,0.005552924,0.005077338,0.004687134,0.004691185,0.006346094,0.004486029,0.005639913,0.006800995,0.005368755,0.005365157,0.008478592,0.005810934,0.004818566,0.007193188,0.006267308
388,JAM,Jamaica,0,0.004903455,0.003142747,0.00813455,0.004634173,0.003174689,0.004354765,0.005736292,0.006774669,0.004574711,0.006036537,0.005552924,0.005077338,0.004687134,0.004691185,0.006346094,0.004486029,0.005639913,0.006800995,0.005368755,0.005365157,0.008478592,0.005810934,0.004818566,0.007193188,0.006267308
392,JPN,Japan,0,0.004903455,0.003142747,0.00813455,0.004634173,0.003174689,0.004354765,0.005736292,0.006774669,0.004574711,0.006036537,0.005552924,0.005077338,0.004687134,0.004691185,0.006346094,0.004486029,0.005639913,0.006800995,0.005368755,0.005365157,0.008478592,0.005810934,0.004818566,0.007193188,0.006267308
832,JEY,Jersey,0,0.004903455,0.003142747,0.00813455,0.004634173,0.003174689,0.004354765,0.005736292,0.006774669,0.004574711,0.006036537,0.005552924,0.005077338,0.004687134,0.004691185,0.006346094,0.004486029,0.005639913,0.006800995,0.005368755,0.005365157,0.008478592,0.005810934,0.004818566,0.007193188,0.006267308
400,JOR,Jordan,0,0.004903455,0.003142747,0.00813455,0.004634173,0.003174689,0.004354765,0.005736292,0.006774669,0.004574711,0.006036537,0.005552924,0.005077338,0.004687134,0.004691185,0.006346094,0.004486029,0.005639913,0.006800995,0.005368755,0.005365157,0.008478592,0.005810934,0.004818566,0.007193188,0.006267308
398,KAZ,Kazakhstan,0,0.004903455,0.003142747,0.00813455,0.004634173,0.003174689,0.004354765,0.005736292,0.006774669,0.004574711,0.006036537,0.005552924,0.005077338,0.004687134,0.004691185,0.006346094,0.004486029,0.005639913,0.006800995,0.005368755,0.005365157,0.008478592,0.005810934,0.004818566,0.007193188,0.006267308
404,KEN,Kenya,0,0.004903455,0.003142747,0.00813455,0.004634173,0.003174689,0.004354765,0.005736292,0.006774669,0.004574711,0.006036537,0.005552924,0.005077338,0.004687134,0.004691185,0.006346094,0.004486029,0.005639913,0.006800995,0.005368755,0.005365157,0.008478592,0.005810934,0.004818566,0.007193188,0.006267308
296,KIR,Kiribati,0,0.004903455,0.003142747,0.00813455,0.004634173,0.003174689,0.004354765,0.005736292,0.006774669,0.004574711,0.006036537,0.005552924,0.005077338,0.004687134,0.004691185,0.006346094,0.004486029,0.005639913,0.006800995,0.005368755,0.005365157,0.008478592,0.005810934,0.004818566,0.007193188,0.006267308
689,XKX,Kosovo,0,0.004903455,0.003142747,0.00813455,0.004634173,0.003174689,0.004354765,0.005736292,0.006774669,0.004574711,0.006036537,0.005552924,0.005077338,0.004687134,0.004691185,0.006346094,0.004486029,0.005639913,0.006800995,0.005368755,0.005365157,0.008478592,0.005810934,0.004818566,0.007193188,0.006267308
414,KWT,Kuwait,0,0.004903455,0.003142747,0.00813455,0.004634173,0.003174689,0.004354765,0.005736292,0.006774669,0.004574711,0.006036537,0.005552924,0.005077338,0.004687134,0.004691185,0.006346094,0.004486029,0.005639913,0.006800995,0.005368755,0.005365157,0.008478592,0.005810934,0.004818566,0.007193188,0.006267308
417,KGZ,Kyrgyzstan,0,0.004903455,0.003142747,0.00813455,0.004634173,0.003174689,0.004354765,0.005736292,0.006774669,0.004574711,0.006036537,0.005552924,0.005077338,0.004687134,0.004691185,0.006346094,0.004486029,0.005639913,0.006800995,0.005368755,0.005365157,0.008478592,0.005810934,0.004818566,0.007193188,0.006267308
418,LAO,Laos,0,0.004903455,0.003142747,0.00813455,0.004634173,0.003174689,0.004354765,0.005736292,0.006774669,0.004574711,0.006036537,0.005552924,0.005077338,0.004687134,0.004691185,0.006346094,0.004486029,0.005639913,0.006800995,0.005368755,0.005365157,0.008478592,0.005810934,0.004818566,0.007193188,0.006267308
428,LVA,Latvia,0,0.004903455,0.003142747,0.00813455,0.004634173,0.003174689,0.004354765,0.005736292,0.006774669,0.004574711,0.006036537,0.005552924,0.005077338,0.004687134,0.004691185,0.006346094,0.004486029,0.005639913,0.006800995,0.005368755,0.005365157,0.008478592,0.005810934,0.004818566,0.007193188,0.006267308
422,LBN,Lebanon,0,0.004903455,0.003142747,0.00813455,0.004634173,0.003174689,0.004354765,0.005736292,0.006774669,0.004574711,0.006036537,0.005552924,0.005077338,0.004687134,0.004691185,0.006346094,0.004486029,0.005639913,0.006800995,0.005368755,0.005365157,0.008478592,0.005810934,0.004818566,0.007193188,0.006267308
426,LSO,Lesotho,0,0.004903455,0.003142747,0.00813455,0.004634173,0.003174689,0.004354765,0.005736292,0.006774669,0.004574711,0.006036537,0.005552924,0.005077338,0.004687134,0.004691185,0.006346094,0.004486029,0.005639913,0.006800995,0.005368755,0.005365157,0.008478592,0.005810934,0.004818566,0.007193188,0.006267308
430,LBR,Liberia,0,0.004903455,0.003142747,0.00813455,0.004634173,0.003174689,0.004354765,0.005736292,0.006774669,0.004574711,0.006036537,0.005552924,0.005077338,0.004687134,0.004691185,0.006346094,0.004486029,0.005639913,0.006800995,0.005368755,0.005365157,0.008478592,0.005810934,0.004818566,0.007193188,0.006267308
434,LBY,Libya,0,0.004903455,0.003142747,0.00813455,0.004634173,0.003174689,0.004354765,0.005736292,0.006774669,0.004574711,0.006036537,0.005552924,0.005077338,0.004687134,0.004691185,0.006346094,0.004486029,0.005639913,0.006800995,0.005368755,0.005365157,0.008478592,0.005810934,0.004818566,0.007193188,0.006267308
438,LIE,Liechtenstein,0,0.004903455,0.003142747,0.00813455,0.004634173,0.003174689,0.004354765,0.005736292,0.006774669,0.004574711,0.006036537,0.005552924,0.005077338,0.004687134,0.004691185,0.006346094,0.004486029,0.005639913,0.006800995,0.005368755,0.005365157,0.008478592,0.005810934,0.004818566,0.007193188,0.006267308
440,LTU,Lithuania,0,0.004903455,0.003142747,0.00813455,0.004634173,0.003174689,0.004354765,0.005736292,0.006774669,0.004574711,0.006036537,0.005552924,0.005077338,0.004687134,0.004691185,0.006346094,0.004486029,0.005639913,0.006800995,0.005368755,0.005365157,0.008478592,0.005810934,0.004818566,0.007193188,0.006267308
442,LUX,Luxembourg,0,0.004903455,0.003142747,0.00813455,0.004634173,0.003174689,0.004354765,0.005736292,0.006774669,0.004574711,0.006036537,0.005552924,0.005077338,0.004687134,0.004691185,0.006346094,0.004486029,0.005639913,0.006800995,0.005368755,0.005365157,0.008478592,0.005810934,0.004818566,0.007193188,0.006267308
446,MAC,Macao,0,0.004903455,0.003142747,0.00813455,0.004634173,0.003174689,0.004354765,0.005736292,0.006774669,0.004574711,0.006036537,0.005552924,0.005077338,0.004687134,0.004691185,0.006346094,0.004486029,0.005639913,0.006800995,0.005368755,0.005365157,0.008478592,0.005810934,0.004818566,0.007193188,0.006267308
450,MDG,Madagascar,0,0.004903455,0.003142747,0.00813455,0.004634173,0.003174689,0.004354765,0.005736292,0.006774669,0.004574711,0.006036537,0.005552924,0.005077338,0.004687134,0.004691185,0.006346094,0.004486029,0.005639913,0.006800995,0.005368755,0.005365157,0.008478592,0.005810934,0.004818566,0.007193188,0.006267308
454,MWI,Malawi,0,0.004903455,0.003142747,0.00813455,0.004634173,0.003174689,0.004354765,0.005736292,0.006774669,0.004574711,0.006036537,0.005552924,0.005077338,0.004687134,0.004691185,0.006346094,0.004486029,0.005639913,0.006800995,0.005368755,0.005365157,0.008478592,0.005810934,0.004818566,0.007193188,0.006267308
458,MYS,Malaysia,0,0.004903455,0.003142747,0.00813455,0.004634173,0.003174689,0.004354765,0.005736292,0.006774669,0.004574711,0.006036537,0.005552924,0.005077338,0.004687134,0.004691185,0.006346094,0.004486029,0.005639913,0.006800995,0.005368755,0.005365157,0.008478592,0.005810934,0.004818566,0.007193188,0.006267308
462,MDV,Maldives,0,0.004903455,0.003142747,0.00813455,0.004634173,0.003174689,0.004354765,0.005736292,0.006774669,0.004574711,0.006036537,0.005552924,0.005077338,0.004687134,0.004691185,0.006346094,0.004486029,0.005639913,0.006800995,0.005368755,0.005365157,0.008478592,0.005810934,0.004818566,0.007193188,0.006267308
466,MLI,Mali,0,0.004903455,0.003142747,0.00813455,0.004634173,0.003174689,0.004354765,0.005736292,0.006774669,0.004574711,0.006036537,0.005552924,0.005077338,0.004687134,0.004691185,0.006346094,0.004486029,0.005639913,0.006800995,0.005368755,0.005365157,0.008478592,0.005810934,0.004818566,0.007193188,0.006267308
470,MLT,Malta,0,0.004903455,0.003142747,0.00813455,0.004634173,0.003174689,0.004354765,0.005736292,0.006774669,0.004574711,0.006036537,0.005552924,0.005077338,0.004687134,0.004691185,0.006346094,0.004486029,0.005639913,0.006800995,0.005368755,0.005365157,0.008478592,0.005810934,0.004818566,0.007193188,0.006267308
584,MHL,Marshall Islands,0,0.004903455,0.003142747,0.00813455,0.004634173,0.003174689,0.004354765,0.005736292,0.006774669,0.004574711,0.006036537,0.005552924,0.005077338,0.004687134,0.004691185,0.006346094,0.004486029,0.005639913,0.006800995,0.005368755,0.005365157,0.008478592,0.005810934,0.004818566,0.007193188,0.006267308
478,MRT,Mauritania,0,0.004903455,0.003142747,0.00813455,0.004634173,0.003174689,0.004354765,0.005736292,0.006774669,0.004574711,0.006036537,0.005552924,0.005077338,0.004687134,0.004691185,0.006346094,0.004486029,0.005639913,0.006800995,0.005368755,0.005365157,0.008478592,0.005810934,0.004818566,0.007193188,0.006267308
480,MUS,Mauritius,0,0.004903455,0.003142747,0.00813455,0.004634173,0.003174689,0.004354765,0.005736292,0.006774669,0.004574711,0.006036537,0.005552924,0.005077338,0.004687134,0.004691185,0.006346094,0.004486029,0.005639913,0.006800995,0.005368755,0.005365157,0.008478592,0.005810934,0.004818566,0.007193188,0.006267308
484,MEX,Mexico,0,0.004903455,0.003142747,0.00813455,0.004634173,0.003174689,0.004354765,0.005736292,0.006774669,0.004574711,0.006036537,0.005552924,0.005077338,0.004687134,0.004691185,0.006346094,0.004486029,0.005639913,0.006800995,0.005368755,0.005365157,0.008478592,0.005810934,0.004818566,0.007193188,0.006267308
583,FSM,Micronesia,0,0.004903455,0.003142747,0.00813455,0.004634173,0.003174689,0.004354765,0.005736292,0.006774669,0.004574711,0.006036537,0.005552924,0.005077338,0.004687134,0.004691185,0.006346094,0.004486029,0.005639913,0.006800995,0.005368755,0.005365157,0.008478592,0.005810934,0.004818566,0.007193188,0.006267308
498,MDA,Moldova,0,0.004903455,0.003142747,0.00813455,0.004634173,0.003174689,0.004354765,0.005736292,0.006774669,0.004574711,0.006036537,0.005552924,0.005077338,0.004687134,0.004691185,0.006346094,0.004486029,0.005639913,0.006800995,0.005368755,0.005365157,0.008478592,0.005810934,0.004818566,0.007193188,0.006267308
492,MCO,Monaco,0,0.004903455,0.003142747,0.00813455,0.004634173,0.003174689,0.004354765,0.005736292,0.006774669,0.004574711,0.006036537,0.005552924,0.005077338,0.004687134,0.004691185,0.006346094,0.004486029,0.005639913,0.006800995,0.005368755,0.005365157,0.008478592,0.005810934,0.004818566,0.007193188,0.006267308
496,MNG,Mongolia,0,0.004903455,0.003142747,0.00813455,0.004634173,0.003174689,0.004354765,0.005736292,0.006774669,0.004574711,0.006036537,0.005552924,0.005077338,0.004687134,0.004691185,0.006346094,0.004486029,0.005639913,0.006800995,0.005368755,0.005365157,0.008478592,0.005810934,0.004818566,0.007193188,0.006267308
499,MNE,Montenegro,0,0.004903455,0.003142747,0.00813455,0.004634173,0.003174689,0.004354765,0.005736292,0.006774669,0.004574711,0.006036537,0.005552924,0.005077338,0.004687134,0.004691185,0.006346094,0.004486029,0.005639913,0.006800995,0.005368755,0.005365157,0.008478592,0.005810934,0.004818566,0.007193188,0.006267308
504,MAR,Morocco,0,0.004903455,0.003142747,0.00813455,0.004634173,0.003174689,0.004354765,0.005736292,0.006774669,0.004574711,0.006036537,0.005552924,0.005077338,0.004687134,0.004691185,0.006346094,0.004486029,0.005639913,0.006800995,0.005368755,0.005365157,0.008478592,0.005810934,0.004818566,0.007193188,0.006267308
508,MOZ,Mozambique,0,0.004903455,0.003142747,0.00813455,0.004634173,0.003174689,0.004354765,0.005736292,0.006774669,0.004574711,0.006036537,0.005552924,0.005077338,0.004687134,0.004691185,0.006346094,0.004486029,0.005639913,0.006800995,0.005368755,0.005365157,0.008478592,0.005810934,0.004818566,0.007193188,0.006267308
104,MMR,Myanmar,0,0.004903455,0.003142747,0.00813455,0.004634173,0.003174689,0.004354765,0.005736292,0.006774669,0.004574711,0.006036537,0.005552924,0.005077338,0.004687134,0.004691185,0.006346094,0.004486029,0.005639913,0.006800995,0.005368755,0.005365157,0.008478592,0.005810934,0.004818566,0.007193188,0.006267308
516,NAM,Namibia,0,0.004903455,0.003142747,0.00813455,0.004634173,0.003174689,0.004354765,0.005736292,0.006774669,0.004574711,0.006036537,0.005552924,0.005077338,0.004687134,0.004691185,0.006346094,0.004486029,0.005639913,0.006800995,0.005368755,0.005365157,0.008478592,0.005810934,0.004818566,0.007193188,0.006267308
520,NRU,Nauru,0,0.004903455,0.003142747,0.00813455,0.004634173,0.003174689,0.004354765,0.005736292,0.006774669,0.004574711,0.006036537,0.005552924,0.005077338,0.004687134,0.004691185,0.006346094,0.004486029,0.005639913,0.006800995,0.005368755,0.005365157,0.008478592,0.005810934,0.004818566,0.007193188,0.006267308
524,NPL,Nepal,0,0.004903455,0.003142747,0.00813455,0.004634173,0.003174689,0.004354765,0.005736292,0.006774669,0.004574711,0.006036537,0.005552924,0.005077338,0.004687134,0.004691185,0.006346094,0.004486029,0.005639913,0.006800995,0.005368755,0.005365157,0.008478592,0.005810934,0.004818566,0.007193188,0.006267308
528,NLD,Netherlands,0,0.004903455,0.003142747,0.00813455,0.004634173,0.003174689,0.004354765,0.005736292,0.006774669,0.004574711,0.006036537,0.005552924,0.005077338,0.004687134,0.004691185,0.006346094,0.004486029,0.005639913,0.006800995,0.005368755,0.005365157,0.008478592,0.005810934,0.004818566,0.007193188,0.006267308
540,NCL,New Caledonia,0,0.004903455,0.003142747,0.00813455,0.004634173,0.003174689,0.004354765,0.005736292,0.006774669,0.004574711,0.006036537,0.005552924,0.005077338,0.004687134,0.004691185,0.006346094,0.004486029,0.005639913,0.006800995,0.005368755,0.005365157,0.008478592,0.005810934,0.004818566,0.007193188,0.006267308
554,NZL,New Zealand,0,0.004903455,0.003142747,0.00813455,0.004634173,0.003174689,0.004354765,0.005736292,0.006774669,0.004574711,0.006036537,0.005552924,0.005077338,0.004687134,0.004691185,0.006346094,0.004486029,0.005639913,0.006800995,0.005368755,0.005365157,0.008478592,0.005810934,0.004818566,0.007193188,0.006267308
558,NIC,Nicaragua,0,0.004903455,0.003142747,0.00813455,0.004634173,0.003174689,0.004354765,0.005736292,0.006774669,0.004574711,0.006036537,0.005552924,0.005077338,0.004687134,0.004691185,0.006346094,0.004486029,0.005639913,0.006800995,0.005368755,0.005365157,0.008478592,0.005810934,0.004818566,0.007193188,0.006267308
562,NER,Niger,0,0.004903455,0.003142747,0.00813455,0.004634173,0.003174689,0.004354765,0.005736292,0.006774669,0.004574711,0.006036537,0.005552924,0.005077338,0.004687134,0.004691185,0.006346094,0.004486029,0.005639913,0.006800995,0.005368755,0.005365157,0.008478592,0.005810934,0.004818566,0.007193188,0.006267308
566,NGA,Nigeria,0,0.004903455,0.003142747,0.00813455,0.004634173,0.003174689,0.004354765,0.005736292,0.006774669,0.004574711,0.006036537,0.005552924,0.005077338,0.004687134,0.004691185,0.006346094,0.004486029,0.005639913,0.006800995,0.005368755,0.005365157,0.008478592,0.005810934,0.004818566,0.007193188,0.006267308
570,NIU,Niue,0,0.004903455,0.003142747,0.00813455,0.004634173,0.003174689,0.004354765,0.005736292,0.006774669,0.004574711,0.006036537,0.005552924,0.005077338,0.004687134,0.004691185,0.006346094,0.004486029,0.005639913,0.006800995,0.005368755,0.005365157,0.008478592,0.005810934,0.004818566,0.007193188,0.006267308
408,PRK,North Korea,0,0.004903455,0.003142747,0.00813455,0.004634173,0.003174689,0.004354765,0.005736292,0.006774669,0.004574711,0.006036537,0.005552924,0.005077338,0.004687134,0.004691185,0.006346094,0.004486029,0.005639913,0.006800995,0.005368755,0.005365157,0.008478592,0.005810934,0.004818566,0.007193188,0.006267308
807,MKD,North Macedonia,0,0.004903455,0.003142747,0.00813455,0.004634173,0.003174689,0.004354765,0.005736292,0.006774669,0.004574711,0.006036537,0.005552924,0.005077338,0.004687134,0.004691185,0.006346094,0.004486029,0.005639913,0.006800995,0.005368755,0.005365157,0.008478592,0.005810934,0.004818566,0.007193188,0.006267308
578,NOR,Norway,0,0.004903455,0.003142747,0.00813455,0.004634173,0.003174689,0.004354765,0.005736292,0.006774669,0.004574711,0.006036537,0.005552924,0.005077338,0.004687134,0.004691185,0.006346094,0.004486029,0.005639913,0.006800995,0.005368755,0.005365157,0.008478592,0.005810934,0.004818566,0.007193188,0.006267308
512,OMN,Oman,0,0.004903455,0.003142747,0.00813455,0.004634173,0.003174689,0.004354765,0.005736292,0.006774669,0.004574711,0.006036537,0.005552924,0.005077338,0.004687134,0.004691185,0.006346094,0.004486029,0.005639913,0.006800995,0.005368755,0.005365157,0.008478592,0.005810934,0.004818566,0.007193188,0.006267308
586,PAK,Pakistan,0,0.004903455,0.003142747,0.00813455,0.004634173,0.003174689,0.004354765,0.005736292,0.006774669,0.004574711,0.006036537,0.005552924,0.005077338,0.004687134,0.004691185,0.006346094,0.004486029,0.005639913,0.006800995,0.005368755,0.005365157,0.008478592,0.005810934,0.004818566,0.007193188,0.006267308
585,PLW,Palau,0,0.004903455,0.003142747,0.00813455,0.004634173,0.003174689,0.004354765,0.005736292,0.006774669,0.004574711,0.006036537,0.005552924,0.005077338,0.004687134,0.004691185,0.006346094,0.004486029,0.005639913,0.006800995,0.005368755,0.005365157,0.008478592,0.005810934,0.004818566,0.007193188,0.006267308
591,PAN,Panama,0,0.004903455,0.003142747,0.00813455,0.004634173,0.003174689,0.004354765,0.005736292,0.006774669,0.004574711,0.006036537,0.005552924,0.005077338,0.004687134,0.004691185,0.006346094,0.004486029,0.005639913,0.006800995,0.005368755,0.005365157,0.008478592,0.005810934,0.004818566,0.007193188,0.006267308
598,PNG,Papua New Guinea,0,0.004903455,0.003142747,0.00813455,0.004634173,0.003174689,0.004354765,0.005736292,0.006774669,0.004574711,0.006036537,0.005552924,0.005077338,0.004687134,0.004691185,0.006346094,0.004486029,0.005639913,0.006800995,0.005368755,0.005365157,0.008478592,0.005810934,0.004818566,0.007193188,0.006267308
600,PRY,Paraguay,0,0.004903455,0.003142747,0.00813455,0.004634173,0.003174689,0.004354765,0.005736292,0.006774669,0.004574711,0.006036537,0.005552924,0.005077338,0.004687134,0.004691185,0.006346094,0.004486029,0.005639913,0.006800995,0.005368755,0.005365157,0.008478592,0.005810934,0.004818566,0.007193188,0.006267308
604,PER,Peru,0,0.004903455,0.003142747,0.00813455,0.004634173,0.003174689,0.004354765,0.005736292,0.006774669,0.004574711,0.006036537,0.005552924,0.005077338,0.004687134,0.004691185,0.006346094,0.004486029,0.005639913,0.006800995,0.005368755,0.005365157,0.008478592,0.005810934,0.004818566,0.007193188,0.006267308
608,PHL,Philippines,0,0.004903455,0.003142747,0.00813455,0.004634173,0.003174689,0.004354765,0.005736292,0.006774669,0.004574711,0.006036537,0.005552924,0.005077338,0.004687134,0.004691185,0.006346094,0.004486029,0.005639913,0.006800995,0.005368755,0.005365157,0.008478592,0.005810934,0.004818566,0.007193188,0.006267308
616,POL,Poland,0,0.004903455,0.003142747,0.00813455,0.004634173,0.003174689,0.004354765,0.005736292,0.006774669,0.004574711,0.006036537,0.005552924,0.005077338,0.004687134,0.004691185,0.006346094,0.004486029,0.005639913,0.006800995,0.005368755,0.005365157,0.008478592,0.005810934,0.004818566,0.007193188,0.006267308
620,PRT,Portugal,0,0.004903455,0.003142747,0.00813455,0.004634173,0.003174689,0.004354765,0.005736292,0.006774669,0.004574711,0.006036537,0.005552924,0.005077338,0.004687134,0.004691185,0.006346094,0.004486029,0.005639913,0.006800995,0.005368755,0.005365157,0.008478592,0.005810934,0.004818566,0.007193188,0.006267308
634,QAT,Qatar,0,0.004903455,0.003142747,0.00813455,0.004634173,0.003174689,0.004354765,0.005736292,0.006774669,0.004574711,0.006036537,0.005552924,0.005077338,0.004687134,0.004691185,0.006346094,0.004486029,0.005639913,0.006800995,0.005368755,0.005365157,0.008478592,0.005810934,0.004818566,0.007193188,0.006267308
178,COG,Republic of Congo,0,0.004903455,0.003142747,0.00813455,0.004634173,0.003174689,0.004354765,0.005736292,0.006774669,0.004574711,0.006036537,0.005552924,0.005077338,0.004687134,0.004691185,0.006346094,0.004486029,0.005639913,0.006800995,0.005368755,0.005365157,0.008478592,0.005810934,0.004818566,0.007193188,0.006267308
642,ROU,Romania,0,0.004903455,0.003142747,0.00813455,0.004634173,0.003174689,0.004354765,0.005736292,0.006774669,0.004574711,0.006036537,0.005552924,0.005077338,0.004687134,0.004691185,0.006346094,0.004486029,0.005639913,0.006800995,0.005368755,0.005365157,0.008478592,0.005810934,0.004818566,0.007193188,0.006267308
643,RUS,Russia,0,0.004903455,0.003142747,0.00813455,0.004634173,0.003174689,0.004354765,0.005736292,0.006774669,0.004574711,0.006036537,0.005552924,0.005077338,0.004687134,0.004691185,0.006346094,0.004486029,0.005639913,0.006800995,0.005368755,0.005365157,0.008478592,0.005810934,0.004818566,0.007193188,0.006267308
646,RWA,Rwanda,0,0.004903455,0.003142747,0.00813455,0.004634173,0.003174689,0.004354765,0.005736292,0.006774669,0.004574711,0.006036537,0.005552924,0.005077338,0.004687134,0.004691185,0.006346094,0.004486029,0.005639913,0.006800995,0.005368755,0.005365157,0.008478592,0.005810934,0.004818566,0.007193188,0.006267308
652,BLM,Saint Barthelemy,0,0.004903455,0.003142747,0.00813455,0.004634173,0.003174689,0.004354765,0.005736292,0.006774669,0.004574711,0.006036537,0.005552924,0.005077338,0.004687134,0.004691185,0.006346094,0.004486029,0.005639913,0.006800995,0.005368755,0.005365157,0.008478592,0.005810934,0.004818566,0.007193188,0.006267308
659,KNA,Saint Kitts and Nevis,0,0.004903455,0.003142747,0.00813455,0.004634173,0.003174689,0.004354765,0.005736292,0.006774669,0.004574711,0.006036537,0.005552924,0.005077338,0.004687134,0.004691185,0.006346094,0.004486029,0.005639913,0.006800995,0.005368755,0.005365157,0.008478592,0.005810934,0.004818566,0.007193188,0.006267308
662,LCA,Saint Lucia,0,0.004903455,0.003142747,0.00813455,0.004634173,0.003174689,0.004354765,0.005736292,0.006774669,0.004574711,0.006036537,0.005552924,0.005077338,0.004687134,0.004691185,0.006346094,0.004486029,0.005639913,0.006800995,0.005368755,0.005365157,0.008478592,0.005810934,0.004818566,0.007193188,0.006267308
670,VCT,Saint Vincent and the Grenadines,0,0.004903455,0.003142747,0.00813455,0.004634173,0.003174689,0.004354765,0.005736292,0.006774669,0.004574711,0.006036537,0.005552924,0.005077338,0.004687134,0.004691185,0.006346094,0.004486029,0.005639913,0.006800995,0.005368755,0.005365157,0.008478592,0.005810934,0.004818566,0.007193188,0.006267308
882,WSM,Samoa,0,0.004903455,0.003142747,0.00813455,0.004634173,0.003174689,0.004354765,0.005736292,0.006774669,0.004574711,0.006036537,0.005552924,0.005077338,0.004687134,0.004691185,0.006346094,0.004486029,0.005639913,0.006800995,0.005368755,0.005365157,0.008478592,0.005810934,0.004818566,0.007193188,0.006267308
674,SMR,San Marino,0,0.004903455,0.003142747,0.00813455,0.004634173,0.003174689,0.004354765,0.005736292,0.006774669,0.004574711,0.006036537,0.005552924,0.005077338,0.004687134,0.004691185,0.006346094,0.004486029,0.005639913,0.006800995,0.005368755,0.005365157,0.008478592,0.005810934,0.004818566,0.007193188,0.006267308
678,STP,Sao Tome and Principe,0,0.004903455,0.003142747,0.00813455,0.004634173,0.003174689,0.004354765,0.005736292,0.006774669,0.004574711,0.006036537,0.005552924,0.005077338,0.004687134,0.004691185,0.006346094,0.004486029,0.005639913,0.006800995,0.005368755,0.005365157,0.008478592,0.005810934,0.004818566,0.007193188,0.006267308
682,SAU,Saudi Arabia,0,0.004903455,0.003142747,0.00813455,0.004634173,0.003174689,0.004354765,0.005736292,0.006774669,0.004574711,0.006036537,0.005552924,0.005077338,0.004687134,0.004691185,0.006346094,0.004486029,0.005639913,0.006800995,0.005368755,0.005365157,0.008478592,0.005810934,0.004818566,0.007193188,0.006267308
686,SEN,Senegal,0,0.004903455,0.003142747,0.00813455,0.004634173,0.003174689,0.004354765,0.005736292,0.006774669,0.004574711,0.006036537,0.005552924,0.005077338,0.004687134,0.004691185,0.006346094,0.004486029,0.005639913,0.006800995,0.005368755,0.005365157,0.008478592,0.005810934,0.004818566,0.007193188,0.006267308
688,SRB,Serbia,0,0.004903455,0.003142747,0.00813455,0.004634173,0.003174689,0.004354765,0.005736292,0.006774669,0.004574711,0.006036537,0.005552924,0.005077338,0.004687134,0.004691185,0.006346094,0.004486029,0.005639913,0.006800995,0.005368755,0.005365157,0.008478592,0.005810934,0.004818566,0.007193188,0.006267308
690,SYC,Seychelles,0,0.004903455,0.003142747,0.00813455,0.004634173,0.003174689,0.004354765,0.005736292,0.006774669,0.004574711,0.006036537,0.005552924,0.005077338,0.004687134,0.004691185,0.006346094,0.004486029,0.005639913,0.006800995,0.005368755,0.005365157,0.008478592,0.005810934,0.004818566,0.007193188,0.006267308
694,SLE,Sierra Leone,0,0.004903455,0.003142747,0.00813455,0.004634173,0.003174689,0.004354765,0.005736292,0.006774669,0.004574711,0.006036537,0.005552924,0.005077338,0.004687134,0.004691185,0.006346094,0.004486029,0.005639913,0.006800995,0.005368755,0.005365157,0.008478592,0.005810934,0.004818566,0.007193188,0.006267308
702,SGP,Singapore,0,0.004903455,0.003142747,0.00813455,0.004634173,0.003174689,0.004354765,0.005736292,0.006774669,0.004574711,0.006036537,0.005552924,0.005077338,0.004687134,0.004691185,0.006346094,0.004486029,0.005639913,0.006800995,0.005368755,0.005365157,0.008478592,0.005810934,0.004818566,0.007193188,0.006267308
534,SXM,Sint Maarten,0,0.004903455,0.003142747,0.00813455,0.004634173,0.003174689,0.004354765,0.005736292,0.006774669,0.004574711,0.006036537,0.005552924,0.005077338,0.004687134,0.004691185,0.006346094,0.004486029,0.005639913,0.006800995,0.005368755,0.005365157,0.008478592,0.005810934,0.004818566,0.007193188,0.006267308
703,SVK,Slovakia,0,0.004903455,0.003142747,0.00813455,0.004634173,0.003174689,0.004354765,0.005736292,0.006774669,0.004574711,0.006036537,0.005552924,0.005077338,0.004687134,0.004691185,0.006346094,0.004486029,0.005639913,0.006800995,0.005368755,0.005365157,0.008478592,0.005810934,0.004818566,0.007193188,0.006267308
705,SVN,Slovenia,0,0.004903455,0.003142747,0.00813455,0.004634173,0.003174689,0.004354765,0.005736292,0.006774669,0.004574711,0.006036537,0.005552924,0.005077338,0.004687134,0.004691185,0.006346094,0.004486029,0.005639913,0.006800995,0.005368755,0.005365157,0.008478592,0.005810934,0.004818566,0.007193188,0.006267308
90,SLB,Solomon Islands,0,0.004903455,0.003142747,0.00813455,0.004634173,0.003174689,0.004354765,0.005736292,0.006774669,0.004574711,0.006036537,0.005552924,0.005077338,0.004687134,0.004691185,0.006346094,0.004486029,0.005639913,0.006800995,0.005368755,0.005365157,0.008478592,0.005810934,0.004818566,0.007193188,0.006267308
706,SOM,Somalia,0,0.004903455,0.003142747,0.00813455,0.004634173,0.003174689,0.004354765,0.005736292,0.006774669,0.004574711,0.006036537,0.005552924,0.005077338,0.004687134,0.004691185,0.006346094,0.004486029,0.005639913,0.006800995,0.005368755,0.005365157,0.008478592,0.005810934,0.004818566,0.007193188,0.006267308
710,ZAF,South Africa,0,0.004903455,0.003142747,0.00813455,0.004634173,0.003174689,0.004354765,0.005736292,0.006774669,0.004574711,0.006036537,0.005552924,0.005077338,0.004687134,0.004691185,0.006346094,0.004486029,0.005639913,0.006800995,0.005368755,0.005365157,0.008478592,0.005810934,0.004818566,0.007193188,0.006267308
410,KOR,South Korea,0,0.004903455,0.003142747,0.00813455,0.004634173,0.003174689,0.004354765,0.005736292,0.006774669,0.004574711,0.006036537,0.005552924,0.005077338,0.004687134,0.004691185,0.006346094,0.004486029,0.005639913,0.006800995,0.005368755,0.005365157,0.008478592,0.005810934,0.004818566,0.007193188,0.006267308
728,SSD,South Sudan,0,0.004903455,0.003142747,0.00813455,0.004634173,0.003174689,0.004354765,0.005736292,0.006774669,0.004574711,0.006036537,0.005552924,0.005077338,0.004687134,0.004691185,0.006346094,0.004486029,0.005639913,0.006800995,0.005368755,0.005365157,0.008478592,0.005810934,0.004818566,0.007193188,0.006267308
724,ESP,Spain,0,0.004903455,0.003142747,0.00813455,0.004634173,0.003174689,0.004354765,0.005736292,0.006774669,0.004574711,0.006036537,0.005552924,0.005077338,0.004687134,0.004691185,0.006346094,0.004486029,0.005639913,0.006800995,0.005368755,0.005365157,0.008478592,0.005810934,0.004818566,0.007193188,0.006267308
144,LKA,Sri Lanka,0,0.004903455,0.003142747,0.00813455,0.004634173,0.003174689,0.004354765,0.005736292,0.006774669,0.004574711,0.006036537,0.005552924,0.005077338,0.004687134,0.004691185,0.006346094,0.004486029,0.005639913,0.006800995,0.005368755,0.005365157,0.008478592,0.005810934,0.004818566,0.007193188,0.006267308
275,PSE,State of Palestine,0,0.004903455,0.003142747,0.00813455,0.004634173,0.003174689,0.004354765,0.005736292,0.006774669,0.004574711,0.006036537,0.005552924,0.005077338,0.004687134,0.004691185,0.006346094,0.004486029,0.005639913,0.006800995,0.005368755,0.005365157,0.008478592,0.005810934,0.004818566,0.007193188,0.006267308
729,SDN,Sudan,0,0.004903455,0.003142747,0.00813455,0.004634173,0.003174689,0.004354765,0.005736292,0.006774669,0.004574711,0.006036537,0.005552924,0.005077338,0.004687134,0.004691185,0.006346094,0.004486029,0.005639913,0.006800995,0.005368755,0.005365157,0.008478592,0.005810934,0.004818566,0.007193188,0.006267308
740,SUR,Suriname,0,0.004903455,0.003142747,0.00813455,0.004634173,0.003174689,0.004354765,0.005736292,0.006774669,0.004574711,0.006036537,0.005552924,0.005077338,0.004687134,0.004691185,0.006346094,0.004486029,0.005639913,0.006800995,0.005368755,0.005365157,0.008478592,0.005810934,0.004818566,0.007193188,0.006267308
752,SWE,Sweden,0,0.004903455,0.003142747,0.00813455,0.004634173,0.003174689,0.004354765,0.005736292,0.006774669,0.004574711,0.006036537,0.005552924,0.005077338,0.004687134,0.004691185,0.006346094,0.004486029,0.005639913,0.006800995,0.005368755,0.005365157,0.008478592,0.005810934,0.004818566,0.007193188,0.006267308
756,CHE,Switzerland,0,0.004903455,0.003142747,0.00813455,0.004634173,0.003174689,0.004354765,0.005736292,0.006774669,0.004574711,0.006036537,0.005552924,0.005077338,0.004687134,0.004691185,0.006346094,0.004486029,0.005639913,0.006800995,0.005368755,0.005365157,0.008478592,0.005810934,0.004818566,0.007193188,0.006267308
760,SYR,Syria,0,0.004903455,0.003142747,0.00813455,0.004634173,0.003174689,0.004354765,0.005736292,0.006774669,0.004574711,0.006036537,0.005552924,0.005077338,0.004687134,0.004691185,0.006346094,0.004486029,0.005639913,0.006800995,0.005368755,0.005365157,0.008478592,0.005810934,0.004818566,0.007193188,0.006267308
158,TWN,Taiwan,0,0.004903455,0.003142747,0.00813455,0.004634173,0.003174689,0.004354765,0.005736292,0.006774669,0.004574711,0.006036537,0.005552924,0.005077338,0.004687134,0.004691185,0.006346094,0.004486029,0.005639913,0.006800995,0.005368755,0.005365157,0.008478592,0.005810934,0.004818566,0.007193188,0.006267308
762,TJK,Tajikistan,0,0.004903455,0.003142747,0.00813455,0.004634173,0.003174689,0.004354765,0.005736292,0.006774669,0.004574711,0.006036537,0.005552924,0.005077338,0.004687134,0.004691185,0.006346094,0.004486029,0.005639913,0.006800995,0.005368755,0.005365157,0.008478592,0.005810934,0.004818566,0.007193188,0.006267308
834,TZA,Tanzania,0,0.004903455,0.003142747,0.00813455,0.004634173,0.003174689,0.004354765,0.005736292,0.006774669,0.004574711,0.006036537,0.005552924,0.005077338,0.004687134,0.004691185,0.006346094,0.004486029,0.005639913,0.006800995,0.005368755,0.005365157,0.008478592,0.005810934,0.004818566,0.007193188,0.006267308
764,THA,Thailand,0,0.004903455,0.003142747,0.00813455,0.004634173,0.003174689,0.004354765,0.005736292,0.006774669,0.004574711,0.006036537,0.005552924,0.005077338,0.004687134,0.004691185,0.006346094,0.004486029,0.005639913,0.006800995,0.005368755,0.005365157,0.008478592,0.005810934,0.004818566,0.007193188,0.006267308
626,TLS,Timor-Leste,0,0.004903455,0.003142747,0.00813455,0.004634173,0.003174689,0.004354765,0.005736292,0.006774669,0.004574711,0.006036537,0.005552924,0.005077338,0.004687134,0.004691185,0.006346094,0.004486029,0.005639913,0.006800995,0.005368755,0.005365157,0.008478592,0.005810934,0.004818566,0.007193188,0.006267308
768,TGO,Togo,0,0.004903455,0.003142747,0.00813455,0.004634173,0.003174689,0.004354765,0.005736292,0.006774669,0.004574711,0.006036537,0.005552924,0.005077338,0.004687134,0.004691185,0.006346094,0.004486029,0.005639913,0.006800995,0.005368755,0.005365157,0.008478592,0.005810934,0.004818566,0.007193188,0.006267308
776,TON,Tonga,0,0.004903455,0.003142747,0.00813455,0.004634173,0.003174689,0.004354765,0.005736292,0.006774669,0.004574711,0.006036537,0.005552924,0.005077338,0.004687134,0.004691185,0.006346094,0.004486029,0.005639913,0.006800995,0.005368755,0.005365157,0.008478592,0.005810934,0.004818566,0.007193188,0.006267308
780,TTO,Trinidad and Tobago,0,0.004903455,0.003142747,0.00813455,0.004634173,0.003174689,0.004354765,0.005736292,0.006774669,0.004574711,0.006036537,0.005552924,0.005077338,0.004687134,0.004691185,0.006346094,0.004486029,0.005639913,0.006800995,0.005368755,0.005365157,0.008478592,0.005810934,0.004818566,0.007193188,0.006267308
788,TUN,Tunisia,0,0.004903455,0.003142747,0.00813455,0.004634173,0.003174689,0.004354765,0.005736292,0.006774669,0.004574711,0.006036537,0.005552924,0.005077338,0.004687134,0.004691185,0.006346094,0.004486029,0.005639913,0.006800995,0.005368755,0.005365157,0.008478592,0.005810934,0.004818566,0.007193188,0.006267308
792,TUR,Turkey,0,0.004903455,0.003142747,0.00813455,0.004634173,0.003174689,0.004354765,0.005736292,0.006774669,0.004574711,0.006036537,0.005552924,0.005077338,0.004687134,0.004691185,0.006346094,0.004486029,0.005639913,0.006800995,0.005368755,0.005365157,0.008478592,0.005810934,0.004818566,0.007193188,0.006267308
795,TKM,Turkmenistan,0,0.004903455,0.003142747,0.00813455,0.004634173,0.003174689,0.004354765,0.005736292,0.006774669,0.004574711,0.006036537,0.005552924,0.005077338,0.004687134,0.004691185,0.006346094,0.004486029,0.005639913,0.006800995,0.005368755,0.005365157,0.008478592,0.005810934,0.004818566,0.007193188,0.006267308
796,TCA,Turks and Caicos Islands,0,0.004903455,0.003142747,0.00813455,0.004634173,0.003174689,0.004354765,0.005736292,0.006774669,0.004574711,0.006036537,0.005552924,0.005077338,0.004687134,0.004691185,0.006346094,0.004486029,0.005639913,0.006800995,0.005368755,0.005365157,0.008478592,0.005810934,0.004818566,0.007193188,0.006267308
798,TUV,Tuvalu,0,0.004903455,0.003142747,0.00813455,0.004634173,0.003174689,0.004354765,0.005736292,0.006774669,0.004574711,0.006036537,0.005552924,0.005077338,0.004687134,0.004691185,0.006346094,0.004486029,0.005639913,0.006800995,0.005368755,0.005365157,0.008478592,0.005810934,0.004818566,0.007193188,0.006267308
800,UGA,Uganda,0,0.004903455,0.003142747,0.00813455,0.004634173,0.003174689,0.004354765,0.005736292,0.006774669,0.004574711,0.006036537,0.005552924,0.005077338,0.004687134,0.004691185,0.006346094,0.004486029,0.005639913,0.006800995,0.005368755,0.005365157,0.008478592,0.005810934,0.004818566,0.007193188,0.006267308
804,UKR,Ukraine,0,0.004903455,0.003142747,0.00813455,0.004634173,0.003174689,0.004354765,0.005736292,0.006774669,0.004574711,0.006036537,0.005552924,0.005077338,0.004687134,0.004691185,0.006346094,0.004486029,0.005639913,0.006800995,0.005368755,0.005365157,0.008478592,0.005810934,0.004818566,0.007193188,0.006267308
784,ARE,United Arab Emirates,0,0.004903455,0.003142747,0.00813455,0.004634173,0.003174689,0.004354765,0.005736292,0.006774669,0.004574711,0.006036537,0.005552924,0.005077338,0.004687134,0.004691185,0.006346094,0.004486029,0.005639913,0.006800995,0.005368755,0.005365157,0.008478592,0.005810934,0.004818566,0.007193188,0.006267308
826,GBR,United Kingdom,0,0.004903455,0.003142747,0.00813455,0.004634173,0.003174689,0.004354765,0.005736292,0.006774669,0.004574711,0.006036537,0.005552924,0.005077338,0.004687134,0.004691185,0.006346094,0.004486029,0.005639913,0.006800995,0.005368755,0.005365157,0.008478592,0.005810934,0.004818566,0.007193188,0.006267308
840,USA,United States of America,0,0.004903455,0.003142747,0.00813455,0.004634173,0.003174689,0.004354765,0.005736292,0.006774669,0.004574711,0.006036537,0.005552924,0.005077338,0.004687134,0.004691185,0.006346094,0.004486029,0.005639913,0.006800995,0.005368755,0.005365157,0.008478592,0.005810934,0.004818566,0.007193188,0.006267308
858,URY,Uruguay,0,0.004903455,0.003142747,0.00813455,0.004634173,0.003174689,0.004354765,0.005736292,0.006774669,0.004574711,0.006036537,0.005552924,0.005077338,0.004687134,0.004691185,0.006346094,0.004486029,0.005639913,0.006800995,0.005368755,0.005365157,0.008478592,0.005810934,0.004818566,0.007193188,0.006267308
860,UZB,Uzbekistan,0,0.004903455,0.003142747,0.00813455,0.004634173,0.003174689,0.004354765,0.005736292,0.006774669,0.004574711,0.006036537,0.005552924,0.005077338,0.004687134,0.004691185,0.006346094,0.004486029,0.005639913,0.006800995,0.005368755,0.005365157,0.008478592,0.005810934,0.004818566,0.007193188,0.006267308
548,VUT,Vanuatu,0,0.004903455,0.003142747,0.00813455,0.004634173,0.003174689,0.004354765,0.005736292,0.006774669,0.004574711,0.006036537,0.005552924,0.005077338,0.004687134,0.004691185,0.006346094,0.004486029,0.005639913,0.006800995,0.005368755,0.005365157,0.008478592,0.005810934,0.004818566,0.007193188,0.006267308
862,VEN,Venezuela,0,0.004903455,0.003142747,0.00813455,0.004634173,0.003174689,0.004354765,0.005736292,0.006774669,0.004574711,0.006036537,0.005552924,0.005077338,0.004687134,0.004691185,0.006346094,0.004486029,0.005639913,0.006800995,0.005368755,0.005365157,0.008478592,0.005810934,0.004818566,0.007193188,0.006267308
704,VNM,Viet Nam,0,0.004903455,0.003142747,0.00813455,0.004634173,0.003174689,0.004354765,0.005736292,0.006774669,0.004574711,0.006036537,0.005552924,0.005077338,0.004687134,0.004691185,0.006346094,0.004486029,0.005639913,0.006800995,0.005368755,0.005365157,0.008478592,0.005810934,0.004818566,0.007193188,0.006267308
876,WLF,Wallis and Futuna Islands,0,0.004903455,0.003142747,0.00813455,0.004634173,0.003174689,0.004354765,0.005736292,0.006774669,0.004574711,0.006036537,0.005552924,0.005077338,0.004687134,0.004691185,0.006346094,0.004486029,0.005639913,0.006800995,0.005368755,0.005365157,0.008478592,0.005810934,0.004818566,0.007193188,0.006267308
732,ESH,Western Sahara,0,0.004903455,0.003142747,0.00813455,0.004634173,0.003174689,0.004354765,0.005736292,0.006774669,0.004574711,0.006036537,0.005552924,0.005077338,0.004687134,0.004691185,0.006346094,0.004486029,0.005639913,0.006800995,0.005368755,0.005365157,0.008478592,0.005810934,0.004818566,0.007193188,0.006267308
887,YEM,Yemen,0,0.004903455,0.003142747,0.00813455,0.004634173,0.003174689,0.004354765,0.005736292,0.006774669,0.004574711,0.006036537,0.005552924,0.005077338,0.004687134,0.004691185,0.006346094,0.004486029,0.005639913,0.006800995,0.005368755,0.005365157,0.008478592,0.005810934,0.004818566,0.007193188,0.006267308
894,ZMB,Zambia,0,0.004903455,0.003142747,0.00813455,0.004634173,0.003174689,0.004354765,0.005736292,0.006774669,0.004574711,0.006036537,0.005552924,0.005077338,0.004687134,0.004691185,0.006346094,0.004486029,0.005639913,0.006800995,0.005368755,0.005365157,0.008478592,0.005810934,0.004818566,0.007193188,0.006267308
716,ZWE,Zimbabwe,0,0.004903455,0.003142747,0.00813455,0.004634173,0.003174689,0.004354765,0.005736292,0.006774669,0.004574711,0.006036537,0.005552924,0.005077338,0.004687134,0.004691185,0.006346094,0.004486029,0.005639913,0.006800995,0.005368755,0.005365157,0.008478592,0.005810934,0.004818566,0.007193188,0.006267308
